-- phpMyAdmin SQL Dump
-- version 4.1.14
-- http://www.phpmyadmin.net
--
-- Client : 127.0.0.1
-- Généré le : Jeu 19 Mars 2015 à 16:09
-- Version du serveur : 5.6.17
-- Version de PHP : 5.5.12
SET SQL_MODE = "NO_AUTO_VALUE_ON_ZERO";
SET time_zone = "+00:00";

/*!40101 SET @OLD_CHARACTER_SET_CLIENT=@@CHARACTER_SET_CLIENT */;
/*!40101 SET @OLD_CHARACTER_SET_RESULTS=@@CHARACTER_SET_RESULTS */;
/*!40101 SET @OLD_COLLATION_CONNECTION=@@COLLATION_CONNECTION */;
/*!40101 SET NAMES utf8 */;
--
-- Base de données : `symfony`
--
-- --------------------------------------------------------
--
-- Structure de la table `badge`
--
CREATE TABLE IF NOT EXISTS `badge` (
`id` int(11) NOT NULL AUTO_INCREMENT,
`libelle_badge` varchar(255) COLLATE utf8_unicode_ci NOT NULL,
`picture` varchar(500) COLLATE utf8_unicode_ci NOT NULL,
PRIMARY KEY (`id`)
) ENGINE=InnoDB DEFAULT CHARSET=utf8 COLLATE=utf8_unicode_ci AUTO_INCREMENT=1 ;
-- --------------------------------------------------------
--
-- Structure de la table `fos_user`
--
CREATE TABLE IF NOT EXISTS `fos_user` (
`id` int(11) NOT NULL AUTO_INCREMENT,
PRIMARY KEY (`id`)
) ENGINE=InnoDB DEFAULT CHARSET=utf8 COLLATE=utf8_unicode_ci AUTO_INCREMENT=1 ;
-- --------------------------------------------------------
--
-- Structure de la table `question`
--
CREATE TABLE IF NOT EXISTS `question` (
`id` int(11) NOT NULL AUTO_INCREMENT,
`libelle_question` varchar(255) COLLATE utf8_unicode_ci NOT NULL,
`categorie` varchar(500) COLLATE utf8_unicode_ci NOT NULL,
`quizz_id` int(11) NOT NULL,
PRIMARY KEY (`id`),
KEY `IDX_4F812B18BA934BCD` (`quizz_id`)
) ENGINE=InnoDB DEFAULT CHARSET=utf8 COLLATE=utf8_unicode_ci AUTO_INCREMENT=267 ;
--
-- Contenu de la table `question`
--
INSERT INTO `question` (`id`, `libelle_question`, `categorie`, `quizz_id`) VALUES
(7, 'Quelle édition a été célébrée les 20 et 21 février 2015 ?', '', 21),
(8, 'Par quelles célébrités a t-elle été présidée ?', '', 21),
(9, 'Quel film a reçu le prix du "meilleur film français" ?', '', 21),
(10, 'Dans quel lieu s''est déroulée la cérémonie ?', '', 21),
(11, 'Combien de catégories sont récompensées ?', '', 21),
(12, 'Quel a été le taux de participation des votants ?', '', 21),
(13, 'A quel acteur a été décerné le César d''honneur ?', '', 21),
(14, 'Quel film était le favori ?', '', 21),
(15, 'Quel actrice américaine fut la première à recevoir un César ?', '', 21),
(16, 'Quel fut le nombre de récompenses attribuées à un seul film ?', '', 21),
(37, 'Quel était son premier club ?', '', 22),
(38, 'Quel était son numéro de maillot en équipe de France ?', '', 22),
(39, 'En quelle année a-t-il gagné le ballon d’or ?', '', 22),
(40, 'Dans quel club italien a-t-il joué ?', '', 22),
(41, 'Par quelle marque a-t-il été sponsorisé durant sa carrière ?', '', 22),
(42, 'Combien de but a-t-il marqué durant la coupe du monde de foot en 1998 ?', '', 22),
(43, 'Combien de buts a-t-il marqué durant sa carrière ?', '', 22),
(44, 'Zidane inscrivit un des plus beaux buts de sa carrière en finale de Ligue des Champions, à Glasgow, contre quelle équipe ?', '', 22),
(45, 'En quelle année a-t-il participé à son premier match professionnel ?', '', 22),
(46, 'A quel âge a-t-il prit sa retraite ?', '', 22),
(47, 'En quelle année la première émission a-t-elle été diffusée ?', '', 23),
(48, 'Qui est le présentateur ?', '', 23),
(49, 'Combien y a-t-il de chroniqueurs ?', '', 23),
(50, 'Quelle est la devise de l''émission ?', '', 23),
(51, 'Quels sont les sujets abordés ?', '', 23),
(52, 'Combien y a-t-il de saisons ?', '', 23),
(53, 'Quelle a été la plus forte audience enregistrée en prime time ?', '', 23),
(54, 'Qui a eu mise à pied après avoir giflé l’assistant réalisateur ?', '', 23),
(55, 'Quelle est la musique la plus écoutée ?', '', 23),
(56, 'Quelle est la rubrique préférée du public ?', '', 23),
(57, 'A la suite de quel événement la Vème République est-elle créée ?', '', 24),
(58, 'La Vème république fête en 2015 ses...?', '', 24),
(59, 'Quel homme politique a dirigé la rédaction de la constitution ?', '', 24),
(60, 'Quelle est la durée du mandat présidentiel depuis 2000 ?', '', 24),
(61, 'En quelle année fût abolie la peine de mort ?', '', 24),
(62, 'Quel fait majeur a marqué l’élection présidentielle de 2002 ?', '', 24),
(63, 'En quelle année a été adopté la loi Veil sur l’IVG ?', '', 24),
(64, 'Quel président a effectué le plus long mandat ?', '', 24),
(65, 'Combien de députés comporte l''Assemblée Nationale ?', '', 24),
(66, 'Quelle est la seule femme à avoir été premier ministre ?', '', 24),
(67, 'En quelle position se place Nicolas Sarkozy pour sa fonction de président de la République ?', '', 25),
(68, 'Quelle a été la durée de son mandat ?', '', 25),
(69, 'Quelle était sa profession ?', '', 25),
(70, 'Avec quelle chanteuse française s''est-il marié pendant son mandat ?', '', 25),
(71, 'Quel était le premier ministre lors de son mandat ?', '', 25),
(72, 'Quel est son parti politique ?', '', 25),
(73, 'Avec quel pourcentage de vote perd t-il l''élection présidentielle face à François Hollande ?', '', 25),
(74, 'En novembre 2014 à quelle fonction a t-il été élu ?', '', 25),
(75, 'Quel est son lieu de résidence ?', '', 25),
(76, 'Combien de fonctions ministérielles a t-il occupé ?', '', 25),
(77, 'Leur feuillage est sous quelle forme ?', '', 26),
(78, 'Que produisent-ils ?', '', 26),
(79, 'Les conifères sont...?', '', 26),
(80, 'Sous quel climat poussent-ils ?', '', 26),
(81, 'Qu''est ce qu''un cône ?', '', 26),
(82, 'Quel conifère est utilisé pour Noêl ?', '', 26),
(83, 'Combien y a-t-il de familles ?', '', 26),
(84, 'Quel est l''autre nom pour désigner le conifère ?', '', 26),
(85, 'Depuis quand sont-ils présents sur terre ?', '', 26),
(86, 'Le conifère est utilisé pour quel type de production ?', '', 26),
(87, 'Qui a rendu célèbre les lacs du Connemara ?', '', 27),
(88, 'Où se situent-ils ?', '', 27),
(89, 'A côté de quel grand lac sont-ils ?', '', 27),
(90, 'Quel type de paysage peut-on trouver ?', '', 27),
(91, 'D''ou tient-il son nom ?', '', 27),
(92, 'Dans quel domaine la population est-elle réputée ?', '', 27),
(93, 'Présents depuis plus de 4000 ans, le passé Celtique de l''île resurgit à travers...?', '', 27),
(94, 'Quel est l''emblème national ?', '', 27),
(95, 'Quelle est la principale ville ?', '', 27),
(96, 'Quel acteur représente les lacs du Connemara ?', '', 27),
(97, 'Quelle est la seule équipe française à avoir gagné la ligue des champions ?', '', 28),
(98, 'En quelle année la France a gagné la coupe du monde ?', '', 28),
(99, 'Combien de ligues des champions le Real Madrid a remporté ?', '', 28),
(100, 'Combien de ballon d’or a gagné Lionel Messi ?', '', 28),
(101, 'Quel joueur a été surnommé « El phenomeno » ?', '', 28),
(102, 'Quel pays a remporté le plus de coupes du monde ?', '', 28),
(103, 'Quel club est surnommé les « Blaugrana » ?', '', 28),
(104, 'Quel est le dernier pays à avoir gagné la coupe du monde ?', '', 28),
(105, 'De quelle couleur est le maillot à domicile du Réal Madrid ?', '', 28),
(106, 'Quel est le nom du stade du FC Barcelone ?', '', 28),
(107, 'Depuis quelle année présente t-il Vivement dimanche ?', '', 29),
(108, 'Quel sport pratique t-il ?', '', 29),
(109, 'Avec quelle femme partage t-il sa vie ?', '', 29),
(110, 'Où s''est-il marié ?', '', 29),
(111, 'Quel est son niveau d''étude ?', '', 29),
(112, 'Sur quelle radio anime t-il une émission ?', '', 29),
(113, 'Quelle est l''année de son arrivée sur France 2 ?', '', 29),
(114, 'Quelle autre émission présente t-il depuis 2010 ?', '', 29),
(115, 'Qui est systématiquement invitée à chacune ses émissions ?', '', 29),
(116, 'Quel animal apprécie t-il le plus ?', '', 29),
(127, 'A quelle date commence le Ier Empire ?', '', 31),
(128, 'Quel est l''ancien nom du Ier Empire ?', '', 31),
(129, 'Qui en fût l''empereur ?', '', 31),
(130, 'Qu''est ce que les conflit ont apportés ?', '', 31),
(131, 'Combien la France compte alors de départements ?', '', 31),
(132, 'Combien de pertes humaines françaises ont engendré ces conflits ?', '', 31),
(133, 'Où abdique l''empereur ?', '', 31),
(134, 'Où est-il emprisonné ?', '', 31),
(135, 'Quelle est la conséquence de son sacre ?', '', 31),
(136, 'Quel animal est présent sur les armoiries ?', '', 31),
(137, 'Comment se nomment les os de la main ?', '', 32),
(138, 'Combien de côte flottantes avons-nous ?', '', 32),
(139, 'Quel autre nom est donné aux globules blancs ?', '', 32),
(140, 'Où se situe le "cubitus" ?', '', 32),
(141, 'Parmi ces os, lequel est un os plat ?', '', 32),
(142, 'Quelle est la durée de vie d''un cheveux ?', '', 32),
(143, 'Combien de dents possède un enfant ?', '', 32),
(144, 'Qu''est ce qu''un méningiome ?', '', 32),
(145, 'Quel est le pourcentage d''eau contenue dans le corps ?', '', 32),
(146, 'Quelle est la longueur de l''intestin grêle ?', '', 32),
(147, 'Qui a repris la présentation de "Une famille en or" ?', '', 33),
(148, 'Combien de personnes animaient "Tourner manège" ?', '', 33),
(149, 'Combien y a-t-il de candidats sélectionnés aux "12 coups de midi" ?', '', 33),
(150, 'Quelle est la somme maximale en jeu à "Money Drop" ?', '', 33),
(151, 'Quel était le surnom du banquier dans "A prendre ou à laisser" ?', '', 33),
(152, 'Que possédait chaque candidat dans "A prendre ou à laisser" ?', '', 33),
(153, 'Combien y a t-il de questions dans "Qui veut gagner des millions" ?', '', 33),
(154, 'Que peut gagner le finaliste du "Juste Prix" ?', '', 33),
(155, 'A qui sont reversés les gains dans "Qui veut gagner des millions" ?', '', 33),
(156, 'Quelle est la date de première diffusion de "Money Drop" ?', '', 33),
(157, 'Quelle pâtisserie ne contient pas de frangipane ?', '', 34),
(158, 'A base de quel fruit est l''Oranais ?', '', 34),
(159, 'Quel ingrédient diffère entre une pâte feuilletée et sablée ?', '', 34),
(160, 'A base de quel fruit est le kouglof ?', '', 34),
(161, 'Quel est l''ingrédient principal d''une chantilly ?', '', 34),
(162, 'Qu''est ce qu''un divorcé ?', '', 34),
(163, 'Comment stopper la cuisson du caramel ?', '', 34),
(164, 'Qui est le saint patron des pâtissiers ? ', '', 34),
(165, 'Que signifie le mot "crumble" ?', '', 34),
(166, 'Quelle pâtisserie existe réellement ?', '', 34),
(177, 'De quelle ville est issue la pizza ?', '', 36),
(178, 'Le nombre de pizza consommé dans le monde chaque année est de ?', '', 36),
(179, 'Que désigne le mot pizza ?', '', 36),
(180, 'Quel est le diamètre idéal d''une pizza ?', '', 36),
(181, 'De quelle maladie la pizza réduirait-elle le risque ?', '', 36),
(182, 'Quand fût crée la première pizza ?', '', 36),
(183, 'Quels sont les plus gros mangeurs de pizza ?', '', 36),
(184, 'D''ou est tiré le nom "pizza margherita" ?', '', 36),
(185, 'Qui est le triple champion acrobatique de pizza ?', '', 36),
(186, 'Quel est le nom de la pizza "Peperoni" en Italie ?', '', 36),
(187, 'Comment sont représentés les panneaux "Danger" ?', '', 37),
(188, 'Quelle est la vitesse à respecter sur l''autoroute en cas de pluie ?', '', 37),
(189, 'De quelle couleur sont les signalisations temporaires ?', '', 37),
(190, 'Depuis quand le permis de conduire existe-t-il ?', '', 37),
(191, 'Combien y a-t-il de questions à l''examen du code de la route ?', '', 37),
(192, 'En quelle année est entré en vigueur le permis à point ?', '', 37),
(193, 'Quelle est la durée de validité du permis délivré depuis 2013 ?', '', 37),
(194, 'Quelle est la durée de l''épreuve pratique ?', '', 37),
(195, 'Combien faut-il valider de points pour avoir son permis ?', '', 37),
(196, 'Que permet l''ABS ?', '', 37),
(197, 'Qu’est-ce que Windows XP ?', '', 38),
(198, 'Par qui Windows XP a été développé et commercialisé ?', '', 38),
(199, 'Combien de licences Windows XP Microsoft affirme avoir vendu ?', '', 38),
(200, 'Que signifie les lettres "XP" ?', '', 38),
(201, 'Pour quelle raison le système Windows XP a été critiqué ?', '', 38),
(202, 'Quelle a été la date d’arrêt ?', '', 38),
(203, 'Quelles sont les 2 versions ?', '', 38),
(204, 'Quel est le prix de vente ?', '', 38),
(205, 'Quelle est la date de sortie de Windows XP ?', '', 38),
(206, 'Quelle est la version antérieure ?', '', 38),
(207, 'Combien de joueurs différents ont marqué avec les Bleus dans ce Mondial 2014 ?', '', 39),
(208, 'L''Uruguayen Luis Suarez a été exclu du Mondial après avoir mordu le défenseur italien Giorigio Chiellini. En 2010, il s''était déjà fait remarquer lors du Mondial sud-africain, en quart de finale, face au Ghana...', '', 39),
(209, 'Avec 16 buts, un joueur allemand est devenu le meilleur buteur de l''histoire de la Coupe du monde devant le Brésilien Ronaldo. De qui s''agit-il ?', '', 39),
(210, 'Les joueurs de l''équipe de France ont joué deux fois dans le mythique stade du Maracana. Mais combien de buts y ont-ils marqué ?', '', 39),
(211, 'Combien d''équipes africaines étaient présentes en huitièmes de finale ?', '', 39),
(212, 'Qui est le meilleur buteur de cette Coupe du monde ?', '', 39),
(213, 'Combien de joueurs du championnat de France ont participé à la finale de la Coupe du monde ?', '', 39),
(214, 'Un joueur a battu lors de ce Mondial le record du Camerounais Roger Milla, qui était depuis 1994 le joueur le plus âgé à disputer une Coupe du monde, à 42 ans et huit mois. De qui s''agit-il ?', '', 39),
(215, 'Une équipe disputait la Coupe du monde pour la première fois. Mais laquelle ?', '', 39),
(216, 'Parmi ces trois joueurs présents lors de ce Mondial, lequel est le plus grand de taille ?', '', 39),
(217, 'Quel est le réalisateur de cette trilogie', '', 40),
(218, 'Lequel des trois films à remporté le plus d''oscars ?', '', 40),
(219, 'Quel est le métier de Sam ?', '', 40),
(220, 'Complétez la chanson de gollum: "ce que nous voulons, c''est du poisson...', '', 40),
(221, 'Que signifie le mot "minas"', '', 40),
(222, 'Comment surnomme t-on Aragorn dans le Rohan ?', '', 40),
(223, 'A quel peuple appartient Frodon ?', '', 40),
(224, 'Où ont été tournés les 3 volets du Seigneur des Anneaux ?', '', 40),
(225, 'Que cherche Gollum inlassablement ?', '', 40),
(226, 'Qu’arrivera t-il à l’Elfe Arwen si elle choisit d’épouser Aragorn ?', '', 40),
(227, 'Quel pays à Ankara pour capitale ?', '', 41),
(228, 'Quel est la capitale du Monténégro ?', '', 41),
(229, 'Quel est la capitale du Japon ?', '', 41),
(230, 'Laquelle de ces capitales n''est pas européenne ?', '', 41),
(231, 'Quel pays a pour capitale Quito ?', '', 41),
(232, 'Quel est la capitale de l''Algérie ?', '', 41),
(233, 'Quel est l''ancien nom de la Capitale Française ?', '', 41),
(234, 'Laquelle de ces capitales n''est pas Africaine ?', '', 41),
(235, 'Quel est la capitale du brésil ?', '', 41),
(236, 'Quel est la capitale de la Yougoslavie ?', '', 41),
(237, 'Au début de la série, quels sont les deux métiers de Walter ?', '', 42),
(238, 'Lorsque l''histoire débute, quelle est la maladie de Walter ?', '', 42),
(239, 'Quel est le prénom de la femme de Walter ?', '', 42),
(240, 'Quel est le surnom de Jesse Pinkman ?', '', 42),
(241, 'Quelle drogue ''cuisine'' Walter ?', '', 42),
(242, 'Quel est le prénom du beau-frère de Walter ?', '', 42),
(243, 'Quel est son métier ?', '', 42),
(244, 'Quelle chaîne américaine a diffusé cette série TV ?', '', 42),
(245, 'Qui est le créateur de cette série ?', '', 42),
(246, 'Quelle est l''année de diffusion de la première saison aux Etats-Unis ?', '', 42),
(247, 'La programmation, c''est', '', 43),
(248, 'Un éditeur de texte', '', 43),
(249, 'Le langage binaire est composé', '', 43),
(250, 'Le ''C++'' est un', '', 43),
(251, 'Le programme qui rectifie les erreurs commises par le programmeur est', '', 43),
(252, 'Le programme qui fait la traduction en langage binaire est un', '', 43),
(253, 'Le langage que l''ordinateur comprend est le', '', 43),
(254, 'L''extension d''un programme est', '', 43),
(255, 'Microsoft Word est un', '', 43),
(256, 'Lequel de ces logiciels n''est pas un éditeur de texte', '', 43),
(257, 'Les vins rouges peuvent se classer en 3 catégories en fonction de leur consistance : quelles sont-elles ?', '', 44),
(258, 'Le beaujolais nouveau est disponible en vente à partir de quel jour ?', '', 44),
(259, 'Comment obtient-on un vin rosé ?', '', 44),
(260, 'Le jurançon est un vin de quelle région viticole ?', '', 44),
(261, 'Comment se nomme une bouteille de vin d''une contenance de 4,50 litres ?', '', 44),
(262, 'La "Kwak" est une bière de quelle couleur ?', '', 44),
(263, 'Par quel facteur la couleur d''une bière peut elle etre déterminée ?', '', 44),
(264, 'En quel langue le mot "bistro" signifie-t-il "vite" ?', '', 44),
(265, 'Le pommard est un vin de quelle région viticole ?', '', 44),
(266, 'Comment se nomme le pichet de vin rouge de 46cl servi en région lyonnaise ?', '', 44);
-- --------------------------------------------------------
--
-- Structure de la table `quizz`
--
CREATE TABLE IF NOT EXISTS `quizz` (
`id` int(11) NOT NULL AUTO_INCREMENT,
`titre` varchar(1000) COLLATE utf8_unicode_ci NOT NULL,
`description` varchar(1000) COLLATE utf8_unicode_ci NOT NULL,
`img` varchar(1000) COLLATE utf8_unicode_ci NOT NULL,
`top` varchar(255) COLLATE utf8_unicode_ci NOT NULL,
`categorie` varchar(500) COLLATE utf8_unicode_ci NOT NULL,
`date_publication` datetime NOT NULL,
PRIMARY KEY (`id`)
) ENGINE=InnoDB DEFAULT CHARSET=utf8 COLLATE=utf8_unicode_ci AUTO_INCREMENT=45 ;
--
-- Contenu de la table `quizz`
--
INSERT INTO `quizz` (`id`, `titre`, `description`, `img`, `top`, `categorie`, `date_publication`) VALUES
(21, 'Césars 2015', 'Testez votre culture sur les Césars 2015 à travers ce quizz et défiez vos amis!', '550174f4af80f.jpeg', '1', 'Divertissement', '2015-03-12 11:13:51'),
(22, 'Zinedine Zidane', 'Testez votre culture sur ce joueur de football emblématique à travers ce quizz et défiez vos amis!', '55017830490be.jpeg', '3', 'Sport', '2015-03-12 11:27:38'),
(23, 'TPMP', 'Testez votre culture sur cette émission à travers ce quizz et épatez vos amis!', '55017a7216c3e.jpeg', '0', 'Divertissement', '2015-03-12 11:37:17'),
(24, 'Vème république', 'Testez votre culture sur la Vème république à travers ce quizz et défiez vos amis!', '55019303f1cbd.jpeg', '0', 'Politique', '2015-03-12 13:22:06'),
(25, 'Nicolas Sarkozy', 'Testez votre culture sur cet homme politique à travers ce quizz et défiez vos amis!', '550195e6ad411.jpeg', '0', 'Politique', '2015-03-12 13:34:25'),
(26, 'Conifères', 'Testez votre culture sur cette espèce d''arbre à travers ce quizz et défiez vos amis!', '550199a74d0c8.jpeg', '0', 'Nature', '2015-03-12 13:50:25'),
(27, 'Lacs du Connemara', 'Testez votre culture sur les lacs du Connemara à travers ce quizz et défiez vos amis!', '55019eb18c3b7.jpeg', '0', 'Geographie', '2015-03-12 14:11:56'),
(28, 'Football', 'Testez votre culture du football à travers ce quizz et défiez vos amis!', '5501a04fe7394.jpeg', '0', 'Sport', '2015-03-12 14:18:50'),
(29, 'Michel Drucker', 'Testez votre culture sur Michel Drucker à travers ce quizz et épatez vos amis!', '5501a2115b80e.jpeg', '0', 'Divertissement', '2015-03-12 14:26:20'),
(31, 'Ier Empire', 'Testez votre culture sur cette période de l''histoire à travers ce quizz et épatez vos amis!', '5501aa3c7d9ad.jpeg', '0', 'Histoire', '2015-03-12 15:01:08'),
(32, 'Anatomie', 'Testez votre culture sur l''anatomie à travers ce quizz et épatez vos amis!', '5501ad8ed0862.jpeg', '0', 'Sante', '2015-03-12 15:15:21'),
(33, 'Jeux TV TF1', 'Testez votre culture sur les émissions télé de TF1 à travers ce quizz et épatez vos amis!', '5501b04520ea9.jpeg', '0', 'Divertissement', '2015-03-12 15:26:55'),
(34, 'Pâtisserie', 'Testez votre culture sur la pâtisserie à travers ce quizz et épatez vos amis!', '5501b3b387c24.jpeg', '8', 'Gastronomie', '2015-03-12 15:41:32'),
(36, 'Pizza', 'Testez votre culture sur la pizza à travers ce quizz et défiez vos amis!', '5501b5eee00f4.jpeg', '0', 'Gastronomie', '2015-03-12 15:51:04'),
(37, 'Le code de la route', 'Testez votre culture sur le code de la route à travers ce quizz et épatez vos amis!', '5501b822585f7.jpeg', '0', 'Culturegenerale', '2015-03-12 16:00:28'),
(38, 'Windows XP', 'Testez votre culture sur Windows XP à travers ce quizz et épatez vos amis!', '5502075213003.jpeg', '1', 'Hightech', '2015-03-12 16:38:21'),
(39, 'Coupe du monde 2014', 'Avez-vous réellement bien suivi le Mondial 2014 ? Voici un Quiz de 10 questions pour tester vos connaissances. A vous de jouer !', '550a8bb82b5ef.jpeg', '0', 'Sport', '2015-03-19 09:41:27'),
(40, 'Seigneur des anneaux', 'VOUS NE PASSEREZ PAAAAAAAAAAS. (ce quizz)', '550a9f457d2f8.jpg', '3', 'Divertissement', '2015-03-19 11:04:52'),
(41, 'Capitales du monde', 'Connaissez-vous vraiment les capitales du monde entier ?', '550ac933aec0d.png', '0', 'Geographie', '2015-03-19 14:03:46'),
(42, 'Breaking Bad', 'You wanna cook Jesse ? \r\nConnais tu vraiment Breaking Bad Bitch ?', '550ad123196e8.jpeg', '0', 'Divertissement', '2015-03-19 14:37:37'),
(43, 'Programmation', 'printf ("tu pense connaitre la programmation ? Voyons voir cela");', '550ad900925a7.jpeg', '0', 'Hightech', '2015-03-19 15:11:11'),
(44, 'Vin et Bière', 'Carlsberg, Bordeaux, Rosé, Guinness...Voyons ensemble ta culture sur le vin et la bière !', '550add555ea05.jpeg', '0', 'Gastronomie', '2015-03-19 15:29:39');
-- --------------------------------------------------------
--
-- Structure de la table `reponse`
--
CREATE TABLE IF NOT EXISTS `reponse` (
`id` int(11) NOT NULL AUTO_INCREMENT,
`libelle_reponse` varchar(500) COLLATE utf8_unicode_ci NOT NULL,
`categorie` varchar(500) COLLATE utf8_unicode_ci NOT NULL,
`question_id` int(11) NOT NULL,
`isTrue` tinyint(1) NOT NULL,
PRIMARY KEY (`id`),
KEY `IDX_900BE75B1E27F6BF` (`question_id`)
) ENGINE=InnoDB DEFAULT CHARSET=utf8 COLLATE=utf8_unicode_ci AUTO_INCREMENT=787 ;
--
-- Contenu de la table `reponse`
--
INSERT INTO `reponse` (`id`, `libelle_reponse`, `categorie`, `question_id`, `isTrue`) VALUES
(7, '36e', '', 7, 0),
(8, '42e', '', 7, 0),
(9, '40e', '', 7, 1),
(10, 'Dany Boon et Edouard Baer', '', 8, 1),
(11, 'Kad Merad et Dany Boon', '', 8, 0),
(12, 'Laurent Lafitte et François Damiens', '', 8, 0),
(13, 'Timbuktu', '', 9, 1),
(14, 'Saint-Laurent', '', 9, 0),
(15, 'La famille Bélier', '', 9, 0),
(16, 'Le théâtre Mogador', '', 10, 0),
(17, 'Le théâtre du Châtelet', '', 10, 1),
(18, 'Le Trianon', '', 10, 0),
(19, '21', '', 11, 1),
(20, '28', '', 11, 0),
(21, '16', '', 11, 0),
(22, '62%', '', 12, 0),
(23, '89%', '', 12, 0),
(24, '77%', '', 12, 1),
(25, 'Jack Nicholson', '', 13, 0),
(26, 'Liam Neeson', '', 13, 0),
(27, 'Sean Penn', '', 13, 0),
(28, 'Saint Laurent', '', 14, 1),
(29, 'Timbuktu', '', 14, 0),
(30, 'Les combattents', '', 14, 0),
(31, 'Jenifer Lawrence', '', 15, 0),
(32, 'Kristen Stewart', '', 15, 1),
(33, 'Sienna Miller', '', 15, 0),
(34, '4', '', 16, 0),
(35, '8', '', 16, 0),
(36, '7', '', 16, 1),
(97, 'Bordeaux', '', 37, 0),
(98, 'Canne', '', 37, 1),
(99, 'Real Madrid', '', 37, 0),
(100, '22', '', 38, 0),
(101, '9', '', 38, 0),
(102, '10', '', 38, 1),
(103, '1996', '', 39, 0),
(104, '2002', '', 39, 0),
(105, '1998', '', 39, 1),
(106, 'Juventus Turin', '', 40, 1),
(107, 'AC Milan', '', 40, 0),
(108, 'Cesana', '', 40, 0),
(109, 'Nike', '', 41, 0),
(110, 'Adidas', '', 41, 1),
(111, 'Le coq sportif', '', 41, 0),
(112, '0', '', 42, 0),
(113, '1', '', 42, 0),
(114, '2', '', 42, 1),
(115, '144', '', 43, 1),
(116, '253', '', 43, 0),
(117, '189', '', 43, 0),
(118, 'Bayer Leverkusen', '', 44, 1),
(119, 'Celtic Glasgow', '', 44, 0),
(120, 'Liverpool', '', 44, 0),
(121, '1991', '', 45, 0),
(122, '1989', '', 45, 1),
(123, '1985', '', 45, 0),
(124, '37', '', 46, 0),
(125, '32', '', 46, 0),
(126, '34', '', 46, 1),
(127, '2010', '', 47, 1),
(128, '2012', '', 47, 0),
(129, '2008', '', 47, 0),
(130, 'Yann Barthes', '', 48, 0),
(131, 'Nikos', '', 48, 0),
(132, 'Cyril Hanouna', '', 48, 1),
(133, '8', '', 49, 0),
(134, '19', '', 49, 1),
(135, '11', '', 49, 0),
(136, '« On vous dit tout »', '', 50, 0),
(137, '« La télé, c''est que de la télé »', '', 50, 1),
(138, '« Je zappe, je mate »', '', 50, 0),
(139, 'La TV et les médias', '', 51, 1),
(140, 'La politique', '', 51, 0),
(141, 'L''actualité', '', 51, 0),
(142, '6', '', 52, 1),
(143, '3', '', 52, 0),
(144, '8', '', 52, 0),
(145, '1 212 000 spectateurs', '', 53, 0),
(146, '856 000 spectateurs', '', 53, 0),
(147, '1 573 000 spectateurs', '', 53, 1),
(148, 'Gérard Louvin', '', 54, 1),
(149, 'Julien Courbet', '', 54, 0),
(150, 'Jean-Luc Lemoine', '', 54, 0),
(151, 'La cartouche', '', 55, 0),
(152, 'On va s''aimer', '', 55, 0),
(153, 'La sardine', '', 55, 1),
(154, 'Les questions 4/3', '', 56, 1),
(155, 'Le poste de surveillance', '', 56, 0),
(156, 'Vu / Pas vu à la télé', '', 56, 0),
(157, 'La guerre d''Algérie', '', 57, 1),
(158, 'L''indépendance de la Guinée', '', 57, 0),
(159, 'La signature des accords d''Évian', '', 57, 0),
(160, '64 ans', '', 58, 0),
(161, '52 ans', '', 58, 0),
(162, '57 ans', '', 58, 1),
(163, 'Michel debré', '', 59, 1),
(164, 'Charles de Gaulle', '', 59, 0),
(165, 'Georges Pompidou', '', 59, 0),
(166, '4 ans', '', 60, 0),
(167, '5 ans', '', 60, 1),
(168, '7 ans', '', 60, 0),
(169, '1945', '', 61, 0),
(170, '1981', '', 61, 1),
(171, '1989', '', 61, 0),
(172, 'Il n''y avait que des femmes', '', 62, 0),
(173, 'Le faible taux d''abstention', '', 62, 0),
(174, 'L''absence de la gauche au second tour', '', 62, 1),
(175, '1975', '', 63, 1),
(176, '1984', '', 63, 0),
(177, '1962', '', 63, 0),
(178, 'François Mitterrand', '', 64, 1),
(179, 'Jacques Chirac', '', 64, 0),
(180, 'Charles de Gaulle', '', 64, 0),
(181, '526', '', 65, 0),
(182, '577', '', 65, 1),
(183, '668', '', 65, 0),
(184, 'Ségolène Royale', '', 66, 0),
(185, 'Simone Veil', '', 66, 0),
(186, 'Edith Cresson', '', 66, 1),
(187, '31e', '', 67, 0),
(188, '23e', '', 67, 1),
(189, '26e', '', 67, 0),
(190, '5 ans', '', 68, 1),
(191, '4 ans', '', 68, 0),
(192, '7 ans', '', 68, 0),
(193, 'Medecin', '', 69, 0),
(194, 'Professeur', '', 69, 0),
(195, 'Avocat', '', 69, 1),
(196, 'Carla Bruni', '', 70, 1),
(197, 'Patricia Kaas', '', 70, 0),
(198, 'Hélène Ségara', '', 70, 0),
(199, 'Jean François Copé', '', 71, 0),
(200, 'François Fillon', '', 71, 1),
(201, 'Manuel Valls', '', 71, 0),
(202, 'Parti socialiste', '', 72, 0),
(203, 'FN', '', 72, 0),
(204, 'UMP', '', 72, 1),
(205, '43, 6%', '', 73, 0),
(206, '39,6%', '', 73, 0),
(207, '48,3%', '', 73, 1),
(208, 'La présidence de l''UMP', '', 74, 1),
(209, 'La présidence du FN', '', 74, 0),
(210, 'La présidence du parti socialiste', '', 74, 0),
(211, 'Paris', '', 75, 0),
(212, 'Neuilly-sur-seine', '', 75, 1),
(213, 'Versailles', '', 75, 0),
(214, '7', '', 76, 1),
(215, '12', '', 76, 0),
(216, '15', '', 76, 0),
(217, 'Des épines', '', 77, 1),
(218, 'Des feuilles', '', 77, 0),
(219, 'Des pétales', '', 77, 0),
(220, 'Des fleurs', '', 78, 0),
(221, 'De la résine', '', 78, 1),
(222, 'Des fruits', '', 78, 0),
(223, 'Typiques', '', 79, 0),
(224, 'Persistants', '', 79, 1),
(225, 'Caduques', '', 79, 0),
(226, 'Tempéré', '', 80, 1),
(227, 'Désert', '', 80, 0),
(228, 'D''altitude', '', 80, 0),
(229, 'Un liquide', '', 81, 0),
(230, 'Un type d''écorce', '', 81, 0),
(231, 'Le fruit de l''arbre', '', 81, 1),
(232, 'Le sapin', '', 82, 1),
(233, 'Le Cyprès', '', 82, 0),
(234, 'Le pin', '', 82, 0),
(235, '7', '', 83, 1),
(236, '9', '', 83, 0),
(237, '12', '', 83, 0),
(238, 'Pinophytes', '', 84, 1),
(239, 'Cedrus', '', 84, 0),
(240, 'Cryptomeria', '', 84, 0),
(241, '33 millions d’années', '', 85, 0),
(242, '300 millions d''années', '', 85, 1),
(243, '3 milliards d’années', '', 85, 0),
(244, 'Le bois de chauffage', '', 86, 0),
(245, 'De meuble', '', 86, 0),
(246, 'De papier', '', 86, 1),
(247, 'Alain Souchon', '', 87, 0),
(248, 'Michel Sardou', '', 87, 1),
(249, 'Nino Ferrer', '', 87, 0),
(250, 'En Irelande', '', 88, 1),
(251, 'Au Mexique', '', 88, 0),
(252, 'En Bolivie', '', 88, 0),
(253, 'Le lac Titicaca', '', 89, 0),
(254, 'Le lac Retba', '', 89, 0),
(255, 'Le Lough comb', '', 89, 1),
(256, 'La plaine', '', 90, 0),
(257, 'La montage', '', 90, 1),
(258, 'La plage', '', 90, 0),
(259, 'D''une ancienne tribu établie sur ces terres', '', 91, 1),
(260, 'Du prénom de l''ancien roi', '', 91, 0),
(261, 'De Bilbo', '', 91, 0),
(262, 'Hyppique', '', 92, 1),
(263, 'L''élevage', '', 92, 0),
(264, 'La cuisine', '', 92, 0),
(265, 'Des falaises', '', 93, 0),
(266, 'Des grottes', '', 93, 0),
(267, 'Des dolmens', '', 93, 1),
(268, 'Le trèfle', '', 94, 1),
(269, 'Le mouton', '', 94, 0),
(270, 'La Guiness', '', 94, 0),
(271, 'Renvyle', '', 95, 0),
(272, 'Cleggan', '', 95, 0),
(273, 'Clifden', '', 95, 1),
(274, 'Richard Burton', '', 96, 0),
(275, 'Peter O''Toole', '', 96, 1),
(276, 'John Gielgud', '', 96, 0),
(277, 'PSG', '', 97, 0),
(278, 'Marseille', '', 97, 1),
(279, 'OL', '', 97, 0),
(280, '1998', '', 98, 1),
(281, '1996', '', 98, 0),
(282, '2002', '', 98, 0),
(283, '10', '', 99, 1),
(284, '16', '', 99, 0),
(285, '18', '', 99, 0),
(286, '1', '', 100, 0),
(287, '2', '', 100, 0),
(288, '4', '', 100, 1),
(289, 'Christiano Ronaldo', '', 101, 1),
(290, 'Luís Figo', '', 101, 0),
(291, 'Éric Cantona', '', 101, 0),
(292, 'Le Portugal', '', 102, 0),
(293, 'L''Alllemange', '', 102, 0),
(294, 'Le Brésil', '', 102, 1),
(295, 'Barcelone', '', 103, 1),
(296, 'Madrid', '', 103, 0),
(297, 'Milan', '', 103, 0),
(298, 'L''Allemagne', '', 104, 1),
(299, 'Le Brésil', '', 104, 0),
(300, 'L''Espagne', '', 104, 0),
(301, 'Rouge', '', 105, 0),
(302, 'Jaune', '', 105, 0),
(303, 'Blanc', '', 105, 1),
(304, 'Belo Horizonte', '', 106, 0),
(305, 'Camp Nou', '', 106, 1),
(306, 'Curitiba', '', 106, 0),
(307, '1998', '', 107, 1),
(308, '1992', '', 107, 0),
(309, '1995', '', 107, 0),
(310, 'Le cyclisme', '', 108, 1),
(311, 'Le roller', '', 108, 0),
(312, 'La natation', '', 108, 0),
(313, 'Stéfanie Jarre', '', 109, 0),
(314, 'Dany Saval', '', 109, 1),
(315, 'Calixthe Beyala', '', 109, 0),
(316, 'Vienne', '', 110, 0),
(317, 'Cannes', '', 110, 0),
(318, 'Las vegas', '', 110, 1),
(319, 'Le brevet', '', 111, 1),
(320, 'Le bac', '', 111, 0),
(321, 'Le doctorat', '', 111, 0),
(322, 'Europe 1', '', 112, 1),
(323, 'RFM', '', 112, 0),
(324, 'France Inter', '', 112, 0),
(325, '1988', '', 113, 0),
(326, '1994', '', 113, 1),
(327, '1998', '', 113, 0),
(328, 'C’est au programme', '', 114, 0),
(329, 'C’est votre vie', '', 114, 0),
(330, 'Champs Elysées', '', 114, 1),
(331, 'Michel Sardou', '', 115, 1),
(332, 'Alain Souchon', '', 115, 0),
(333, 'Michel Polnareff', '', 115, 0),
(334, 'Le chat', '', 116, 0),
(335, 'Le cheval', '', 116, 0),
(336, 'Le chien', '', 116, 1),
(367, '1804', '', 127, 1),
(368, '1789', '', 127, 0),
(369, '1845', '', 127, 0),
(370, 'L’empire Gaulois', '', 128, 0),
(371, 'Le royaume de France', '', 128, 0),
(372, 'L''empire Français', '', 128, 1),
(373, 'Napoléon I', '', 129, 1),
(374, 'Napoléon II', '', 129, 0),
(375, 'Napoléon III', '', 129, 0),
(376, 'L''amélioration du transport de marchandises', '', 130, 0),
(377, 'Obtenir une plus grande armée', '', 130, 0),
(378, 'Conquérir la majeure partie de l''Europe', '', 130, 1),
(379, '22', '', 131, 0),
(380, '56', '', 131, 0),
(381, '134', '', 131, 1),
(382, '500 000 hommes', '', 132, 0),
(383, '800 000 hommes', '', 132, 1),
(384, '1 000 000 hommes', '', 132, 0),
(385, 'Fontainebleau', '', 133, 1),
(386, 'Versailles', '', 133, 0),
(387, 'Paris', '', 133, 0),
(388, 'Sardaigne', '', 134, 0),
(389, 'Corse', '', 134, 0),
(390, 'L''île D''Elbe', '', 134, 1),
(391, 'Le début de la République', '', 135, 0),
(392, 'La conquête de nombreux territoires', '', 135, 0),
(393, 'L''arrêt de la République', '', 135, 1),
(394, 'Les chevaux', '', 136, 0),
(395, 'Les serpents', '', 136, 0),
(396, 'Les abeilles', '', 136, 1),
(397, 'La diaphyse', '', 137, 0),
(398, 'Les métatarses', '', 137, 0),
(399, 'Les métacarpes', '', 137, 1),
(400, '1', '', 138, 0),
(401, '2', '', 138, 1),
(402, '4', '', 138, 0),
(403, 'Leucocyte', '', 139, 1),
(404, 'Nymphocyte', '', 139, 0),
(405, 'Érythrocyte', '', 139, 0),
(406, 'Jambe', '', 140, 0),
(407, 'Bras', '', 140, 1),
(408, 'Dos', '', 140, 0),
(409, 'Le sternum', '', 141, 1),
(410, 'L''humérus', '', 141, 0),
(411, 'Le fémur', '', 141, 0),
(412, '4 à 7', '', 142, 1),
(413, '8 à 11', '', 142, 0),
(414, '1 à 3', '', 142, 0),
(415, '20', '', 143, 1),
(416, '28', '', 143, 0),
(417, '32', '', 143, 0),
(418, 'Un os', '', 144, 0),
(419, 'Un bouton', '', 144, 0),
(420, 'Une tumeur', '', 144, 1),
(421, '70%', '', 145, 0),
(422, '60%', '', 145, 1),
(423, '80%', '', 145, 0),
(424, '2 à 3 mètres', '', 146, 0),
(425, '6 à 7 mètres', '', 146, 1),
(426, '4 à 5 mètres', '', 146, 0),
(427, 'Vincent Lagaffe', '', 147, 0),
(428, 'Christophe Dechavanne', '', 147, 1),
(429, 'Jean-luc Rechmann', '', 147, 0),
(430, '1', '', 148, 0),
(431, '2', '', 148, 0),
(432, '3', '', 148, 1),
(433, '1', '', 149, 0),
(434, '3', '', 149, 0),
(435, '4', '', 149, 1),
(436, '100 000€', '', 150, 0),
(437, '30 000€', '', 150, 0),
(438, '250 000€', '', 150, 1),
(439, 'Le chacal', '', 151, 1),
(440, 'Le fourbe', '', 151, 0),
(441, 'L’escroc', '', 151, 0),
(442, 'Une pancarte', '', 152, 0),
(443, 'Une malette', '', 152, 0),
(444, 'Une boite', '', 152, 1),
(445, '9', '', 153, 0),
(446, '12', '', 153, 0),
(447, '15', '', 153, 1),
(448, 'La cabine', '', 154, 0),
(449, 'La vitrine', '', 154, 1),
(450, 'La devanture', '', 154, 0),
(451, 'Des associations caritatives', '', 155, 1),
(452, 'Leur famille', '', 155, 0),
(453, 'Eux-même', '', 155, 0),
(454, '2009', '', 156, 0),
(455, '2011', '', 156, 1),
(456, '2013', '', 156, 0),
(457, 'Le salambo', '', 157, 1),
(458, 'L''amandine', '', 157, 0),
(459, 'Le croissant aux amandes', '', 157, 0),
(460, 'La framboise', '', 158, 0),
(461, 'La figue', '', 158, 0),
(462, 'L''abricot', '', 158, 1),
(463, 'Les oeufs', '', 159, 0),
(464, 'Le sucre', '', 159, 1),
(465, 'Le lait', '', 159, 0),
(466, 'Le raisin sec', '', 160, 1),
(467, 'L''abricot sec', '', 160, 0),
(468, 'Le pruneau', '', 160, 0),
(469, 'La crème fraiche', '', 161, 1),
(470, 'Le blanc d''oeuf', '', 161, 0),
(471, 'Le lait', '', 161, 0),
(472, 'Une crème caramel café', '', 162, 0),
(473, 'Un biscuit pistache framboise', '', 162, 0),
(474, 'Une pate à choux fourée au chocolat et café', '', 162, 1),
(475, 'Plonger la casserole dans l''eau froide', '', 163, 1),
(476, 'Éteindre le feu', '', 163, 0),
(477, 'Ajouter du citron', '', 163, 0),
(478, 'Saint Laurent', '', 164, 0),
(479, 'Saint Honoré', '', 164, 1),
(480, 'Saint Michel', '', 164, 0),
(481, 'Fondant', '', 165, 0),
(482, 'Croquant', '', 165, 0),
(483, 'Emietté', '', 165, 1),
(484, 'Le cruffin', '', 166, 1),
(485, 'Le broonut', '', 166, 0),
(486, 'Le wokie', '', 166, 0),
(517, 'Naples', '', 177, 1),
(518, 'Rome', '', 177, 0),
(519, 'Pise', '', 177, 0),
(520, '300 millions', '', 178, 0),
(521, '3 milliards', '', 178, 0),
(522, '30 milliards', '', 178, 1),
(523, 'Une tartine', '', 179, 0),
(524, 'Une galette', '', 179, 1),
(525, 'Une biscotte', '', 179, 0),
(526, '35 cm', '', 180, 1),
(527, '45 cm', '', 180, 0),
(528, '55 cm', '', 180, 0),
(529, 'Cardio-vacculaires', '', 181, 0),
(530, 'Le cholestérol', '', 181, 0),
(531, 'Le cancer', '', 181, 1),
(532, '120 ans', '', 182, 0),
(533, '500 ans', '', 182, 0),
(534, '3 000 ans', '', 182, 1),
(535, 'Les italiens', '', 183, 0),
(536, 'Les français', '', 183, 0),
(537, 'Les americains', '', 183, 1),
(538, 'Le prénom de sa femme', '', 184, 0),
(539, 'Colorée faisant penser à une marguerite', '', 184, 0),
(540, 'La visite de la reine Marguerite', '', 184, 1),
(541, 'Sicilien Paolo Bucca', '', 185, 1),
(542, 'Toni Scobira', '', 185, 0),
(543, 'Massimo Chelli', '', 185, 0),
(544, 'Romana', '', 186, 0),
(545, 'Marinara', '', 186, 0),
(546, 'Diavola', '', 186, 1),
(547, 'Triangle', '', 187, 1),
(548, 'Cercle', '', 187, 0),
(549, 'Carré', '', 187, 0),
(550, '90 km/h', '', 188, 0),
(551, '110 km/h', '', 188, 0),
(552, '130 km/h', '', 188, 0),
(553, 'Rouge', '', 189, 0),
(554, 'Vert', '', 189, 0),
(555, 'Jaune', '', 189, 1),
(556, '1923', '', 190, 0),
(557, '1893', '', 190, 1),
(558, '1965', '', 190, 0),
(559, '35', '', 191, 0),
(560, '40', '', 191, 1),
(561, '50', '', 191, 0),
(562, '1992', '', 192, 1),
(563, '1984', '', 192, 0),
(564, '1977', '', 192, 0),
(565, '10 ans', '', 193, 0),
(566, '15 ans', '', 193, 1),
(567, '30 ans', '', 193, 0),
(568, '32', '', 194, 1),
(569, '35', '', 194, 0),
(570, '25', '', 194, 0),
(571, '25', '', 195, 0),
(572, '30', '', 195, 0),
(573, '20', '', 195, 1),
(574, 'D''éviter le blocage des roues lors d''un freinage violent', '', 196, 0),
(575, 'De réduire la distance de freinage', '', 196, 1),
(576, 'De détecter un obstacle', '', 196, 0),
(577, 'Un logiciel', '', 197, 0),
(578, 'Un système d’exploitation', '', 197, 1),
(579, 'Une technique de souris', '', 197, 0),
(580, 'IOS', '', 198, 0),
(581, 'Linux', '', 198, 0),
(582, 'Microsoft', '', 198, 1),
(583, '200 000 millions', '', 199, 0),
(584, '400 000 millions', '', 199, 1),
(585, '700 000 millions', '', 199, 0),
(586, 'eXPress', '', 200, 0),
(587, 'eXPeriment', '', 200, 0),
(588, 'eXPerience', '', 200, 1),
(589, 'Sa sécurité', '', 201, 1),
(590, 'Son temps de latence', '', 201, 0),
(591, 'Son design', '', 201, 0),
(592, 'Juin 2012', '', 202, 0),
(593, 'Avril 2014', '', 202, 1),
(594, 'Novembre 2011', '', 202, 0),
(595, 'Familiale et professionnelle', '', 203, 1),
(596, 'Éducative et professionnelle', '', 203, 0),
(597, 'Théorique et pratique', '', 203, 0),
(598, '99,99$', '', 204, 0),
(599, '59,90$', '', 204, 0),
(600, '89,90$', '', 204, 1),
(601, '1998', '', 205, 0),
(602, '2001', '', 205, 1),
(603, '2003', '', 205, 0),
(604, 'Windows 2000', '', 206, 1),
(605, 'Windows 1998', '', 206, 0),
(606, 'Vista', '', 206, 0),
(607, '4', '', 207, 0),
(608, '5', '', 207, 0),
(609, '6', '', 207, 1),
(610, 'Pour avoir déjà mordu un adversaire', '', 208, 0),
(611, 'Pour avoir repoussé de la main un ballon qui filait au but dans la dernière minute de la prolongation.', '', 208, 1),
(612, 'Pour avoir frappé l''un de ses coéquipiers.', '', 208, 0),
(613, 'Thomas Muller', '', 209, 0),
(614, 'Lukas Podoslki', '', 209, 0),
(615, 'Miroslav Klose', '', 209, 1),
(616, 'Aucun', '', 210, 1),
(617, 'Deux', '', 210, 0),
(618, 'Cinq', '', 210, 0),
(619, '1', '', 211, 0),
(620, '2', '', 211, 1),
(621, '3', '', 211, 0),
(622, 'Le colombien James Rodriguez', '', 212, 1),
(623, 'L''allemand Thomas Muller', '', 212, 0),
(624, 'L''argentin Lionel Messi', '', 212, 0),
(625, 'Aucun', '', 213, 0),
(626, '1', '', 213, 0),
(627, '2', '', 213, 1),
(628, 'Le Colombien Faryd Mondragon', '', 214, 1),
(629, 'Le Grec Georgios Karagounis', '', 214, 0),
(630, 'Le Colombien Mario Yepes', '', 214, 0),
(631, 'La Bosnie-Herzegovine', '', 215, 1),
(632, 'Le Costa Rica', '', 215, 0),
(633, 'L''Iran', '', 215, 0),
(634, 'Mathieu Valbuena (France)', '', 216, 1),
(635, 'Lorenzo Insigne (Italie)', '', 216, 0),
(636, 'Edgar Salli (Cameroun)', '', 216, 0),
(637, 'Steven Spielberg', '', 217, 0),
(638, 'JJ Abrams', '', 217, 0),
(639, 'Peter Jackson', '', 217, 1),
(640, 'La communauté de l''anneau', '', 218, 0),
(641, 'Les deux tours', '', 218, 0),
(642, 'Le retour du thug', '', 218, 1),
(643, 'Jardinier', '', 219, 1),
(644, 'Dev Front', '', 219, 0),
(645, 'Tavernier', '', 219, 0),
(646, 'C''est délicieux', '', 220, 0),
(647, 'Bien écailleux', '', 220, 0),
(648, 'Fort bien gouteux', '', 220, 1),
(649, 'Soleil', '', 221, 0),
(650, 'Lune', '', 221, 0),
(651, 'Tour', '', 221, 1),
(652, 'Taureau ailé', '', 222, 0),
(653, 'Couilles de canard', '', 222, 0),
(654, 'Grand-Pas', '', 222, 1),
(655, 'Ewok', '', 223, 0),
(656, 'Moldu', '', 223, 0),
(657, 'Hobbit', '', 223, 1),
(658, 'Nouvelle Zélande', '', 224, 1),
(659, 'Miami Beach', '', 224, 0),
(660, 'Kosovo', '', 224, 0),
(661, 'Son swag', '', 225, 0),
(662, 'Son précieux', '', 225, 1),
(663, 'Ses pouvoirs', '', 225, 0),
(664, 'Elle perdra son immortalité', '', 226, 1),
(665, 'Elle perdra sa virginité', '', 226, 0),
(666, 'Elle sera chassée des Elfes', '', 226, 0),
(667, 'Tunisie', '', 227, 0),
(668, 'Turquie', '', 227, 1),
(669, 'Iran', '', 227, 0),
(670, 'Bratislava', '', 228, 0),
(671, 'Podgorica', '', 228, 1),
(672, 'Hein la capitale du quoi ?', '', 228, 0),
(673, 'Shangai', '', 229, 0),
(674, 'Pékin', '', 229, 0),
(675, 'Tokyo', '', 229, 1),
(676, 'Zagreb', '', 230, 0),
(677, 'Minsk', '', 230, 0),
(678, 'Sucre', '', 230, 1),
(679, 'L''Equateur', '', 231, 1),
(680, 'Le Vénézuela', '', 231, 0),
(681, 'Le Sri Lanka', '', 231, 0),
(682, 'Tunis', '', 232, 0),
(683, 'Alger', '', 232, 1),
(684, 'Oran', '', 232, 0),
(685, 'Panam', '', 233, 0),
(686, 'Versailles', '', 233, 0),
(687, 'Lutèce', '', 233, 1),
(688, 'Le Caire', '', 234, 0),
(689, 'Bamako', '', 234, 0),
(690, 'Wellington', '', 234, 1),
(691, 'Sao Paulo', '', 235, 0),
(692, 'Rio de Janeiro', '', 235, 0),
(693, 'Brasilia', '', 235, 1),
(694, 'Moscou', '', 236, 0),
(695, 'Belgrade', '', 236, 0),
(696, 'Ce pays n''existe plus', '', 236, 1),
(697, 'Professeur de chimie & salarié d''un car-wash', '', 237, 1),
(698, 'Professeur de physique & salarié d''un restaurant', '', 237, 0),
(699, 'Professeur de maths & vendeur de camping-car', '', 237, 0),
(700, 'Cancer des poumons', '', 238, 1),
(701, 'Cancer de la prostate', '', 238, 0),
(702, 'Tourista', '', 238, 0),
(703, 'Kyler', '', 239, 0),
(704, 'Bitch', '', 239, 0),
(705, 'Skyler', '', 239, 1),
(706, 'El Tuco', '', 240, 0),
(707, 'Captain Cook', '', 240, 1),
(708, 'El Gringo', '', 240, 0),
(709, 'Cocaine', '', 241, 0),
(710, 'Cannabis', '', 241, 0),
(711, 'Méthamphétamine', '', 241, 1),
(712, 'Harry', '', 242, 0),
(713, 'Hank', '', 242, 1),
(714, 'Pierre-Cyril', '', 242, 0),
(715, 'Agent de la CIA', '', 243, 0),
(716, 'Agent du FBI', '', 243, 0),
(717, 'Agent de la DEA', '', 243, 1),
(718, 'ABC', '', 244, 0),
(719, 'HBO', '', 244, 0),
(720, 'AMC', '', 244, 1),
(721, 'Allan Ball', '', 245, 0),
(722, 'Alain Proviste', '', 245, 0),
(723, 'Vince Gilligan', '', 245, 1),
(724, '2006', '', 246, 0),
(725, '2007', '', 246, 0),
(726, '2008', '', 246, 1),
(727, 'La correction des erreurs commises par le programmeur', '', 247, 0),
(728, 'La réalisation d''un programme', '', 247, 1),
(729, 'La traduction d''un language binaire', '', 247, 0),
(730, 'permet de faire la traduction du code source au langage binaire', '', 248, 0),
(731, 'permet d''écrire le code source', '', 248, 1),
(732, 'permet seulement d''écrire', '', 248, 0),
(733, 'des chiffres 1 et 0', '', 249, 1),
(734, 'des lettre X et Y', '', 249, 0),
(735, 'des chiffres 6 et 9', '', 249, 0),
(736, 'débugger', '', 250, 0),
(737, 'langage de programmation', '', 250, 1),
(738, 'compilateur', '', 250, 0),
(739, 'l''editeur de texte', '', 251, 0),
(740, 'le debugger', '', 251, 1),
(741, 'le compilateur', '', 251, 0),
(742, 'compilateur', '', 252, 1),
(743, 'éditeur de texte', '', 252, 0),
(744, 'débugger', '', 252, 0),
(745, 'java', '', 253, 0),
(746, 'c sharp', '', 253, 0),
(747, 'binaire', '', 253, 1),
(748, '.html', '', 254, 0),
(749, '.exe', '', 254, 1),
(750, '.avi', '', 254, 0),
(751, 'compilateur', '', 255, 0),
(752, 'débugger', '', 255, 0),
(753, 'programme', '', 255, 1),
(754, 'Dev C++', '', 256, 0),
(755, 'Eclipse', '', 256, 0),
(756, 'Photoshop', '', 256, 1),
(757, 'moelleux, demi-sec, sec', '', 257, 0),
(758, 'plein, moyen ou léger', '', 257, 1),
(759, 'framboise, pourpre, grenas', '', 257, 0),
(760, 'le premier jeudi de Novembre', '', 258, 0),
(761, 'le troisième jeudi de Novembre', '', 258, 1),
(762, 'le quatrième jeudi de Novembre', '', 258, 0),
(763, 'en mélangeant du raisin blanc et du raisin noir', '', 259, 0),
(764, 'en faisant macérer plus longtemps du raisin blanc', '', 259, 0),
(765, 'en faisant macérer moins longtemps du raisin noir', '', 259, 1),
(766, 'Sud Ouest', '', 260, 1),
(767, 'Jura', '', 260, 0),
(768, 'Bordeaux', '', 260, 0),
(769, 'Un mathusalem', '', 261, 0),
(770, 'Un balthazar', '', 261, 0),
(771, 'Un réhoboam', '', 261, 1),
(772, 'brune', '', 262, 0),
(773, 'ambrée', '', 262, 1),
(774, 'blonde', '', 262, 0),
(775, 'La torréfaction de l''orge', '', 263, 1),
(776, 'La clarification des levures', '', 263, 0),
(777, 'Le temps de fermentation', '', 263, 0),
(778, 'arabe', '', 264, 0),
(779, 'russe', '', 264, 1),
(780, 'turque', '', 264, 0),
(781, 'Bordeaux', '', 265, 0),
(782, 'Bourgogne', '', 265, 1),
(783, 'Vallée de la Loire', '', 265, 0),
(784, 'le bol', '', 266, 0),
(785, 'le jus', '', 266, 0),
(786, 'le pot', '', 266, 1);
-- --------------------------------------------------------
--
-- Structure de la table `users`
--
CREATE TABLE IF NOT EXISTS `users` (
`id` int(11) NOT NULL AUTO_INCREMENT,
`picture` varchar(500) COLLATE utf8_unicode_ci DEFAULT NULL,
`scoreSport` varchar(500) COLLATE utf8_unicode_ci DEFAULT NULL,
`scoreDivertissements` varchar(500) COLLATE utf8_unicode_ci DEFAULT NULL,
`scoreNature` varchar(500) COLLATE utf8_unicode_ci DEFAULT NULL,
`scorePolitique` varchar(500) COLLATE utf8_unicode_ci DEFAULT NULL,
`scoreHistoire` varchar(500) COLLATE utf8_unicode_ci DEFAULT NULL,
`scoreHightech` varchar(500) COLLATE utf8_unicode_ci DEFAULT NULL,
`scoreGastronomie` varchar(500) COLLATE utf8_unicode_ci DEFAULT NULL,
`scoreSante` varchar(500) COLLATE utf8_unicode_ci DEFAULT NULL,
`scoreGeographie` varchar(500) COLLATE utf8_unicode_ci DEFAULT NULL,
`scoreCulturegenerale` varchar(500) COLLATE utf8_unicode_ci DEFAULT NULL,
`username` varchar(255) COLLATE utf8_unicode_ci NOT NULL,
`username_canonical` varchar(255) COLLATE utf8_unicode_ci NOT NULL,
`email` varchar(255) COLLATE utf8_unicode_ci NOT NULL,
`email_canonical` varchar(255) COLLATE utf8_unicode_ci NOT NULL,
`enabled` tinyint(1) NOT NULL,
`salt` varchar(255) COLLATE utf8_unicode_ci NOT NULL,
`password` varchar(255) COLLATE utf8_unicode_ci NOT NULL,
`last_login` datetime DEFAULT NULL,
`locked` tinyint(1) NOT NULL,
`expired` tinyint(1) NOT NULL,
`expires_at` datetime DEFAULT NULL,
`confirmation_token` varchar(255) COLLATE utf8_unicode_ci DEFAULT NULL,
`password_requested_at` datetime DEFAULT NULL,
`roles` longtext COLLATE utf8_unicode_ci NOT NULL COMMENT '(DC2Type:array)',
`credentials_expired` tinyint(1) NOT NULL,
`credentials_expire_at` datetime DEFAULT NULL,
PRIMARY KEY (`id`),
UNIQUE KEY `UNIQ_D5428AED92FC23A8` (`username_canonical`),
UNIQUE KEY `UNIQ_D5428AEDA0D96FBF` (`email_canonical`)
) ENGINE=InnoDB DEFAULT CHARSET=utf8 COLLATE=utf8_unicode_ci AUTO_INCREMENT=8 ;
--
-- Contenu de la table `users`
--
INSERT INTO `users` (`id`, `picture`, `scoreSport`, `scoreDivertissements`, `scoreNature`, `scorePolitique`, `scoreHistoire`, `scoreHightech`, `scoreGastronomie`, `scoreSante`, `scoreGeographie`, `scoreCulturegenerale`, `username`, `username_canonical`, `email`, `email_canonical`, `enabled`, `salt`, `password`, `last_login`, `locked`, `expired`, `expires_at`, `confirmation_token`, `password_requested_at`, `roles`, `credentials_expired`, `credentials_expire_at`) VALUES
(1, NULL, NULL, NULL, NULL, NULL, NULL, NULL, NULL, NULL, NULL, NULL, 'elvis', 'elvis', 'elvis@gmail.com', 'elvis@gmail.com', 1, '9bl5r445wnocc4s80c8kw88go4occow', 'aLWaEKr5pB5cU3Gc4hahWgWbxPtCNfFUtOh1ombXYSJnelHtQ11Oc/PMXGUZLZc38BozavrwV0SfJLakA/mkBw==', '2015-02-25 15:13:17', 0, 0, NULL, NULL, NULL, 'a:0:{}', 0, NULL),
(2, NULL, NULL, NULL, NULL, NULL, NULL, NULL, NULL, NULL, NULL, NULL, 'so', 'so', 'sonia@gmail.com', 'sonia@gmail.com', 1, 't1rynsvjg4gko4gg08c0sg8s40cwc88', 'SsxXWfC2tyu7NW+N0EMMM7yMUUSiCWfJg2Xzl51cUvp5vGN02thMRktMdAQ+qfOEgWus3bgwYBQdSucrJAR2Og==', '2015-02-26 15:25:17', 0, 0, NULL, NULL, NULL, 'a:0:{}', 0, NULL),
(3, NULL, NULL, NULL, NULL, NULL, NULL, NULL, NULL, NULL, NULL, NULL, 'mel', 'mel', 'mel@mail.com', 'mel@mail.com', 1, '99jeppafr8so8ookcgkk0wcs8kgw88c', '743Ijq0OGSeJtVtDpVqYzsDqt+MZIyDkNW5lELs64GEpnvuuQn1jmuT4LEaba+0Pyy0rfEQBT43vH2OkIKrRFw==', NULL, 0, 0, NULL, NULL, NULL, 'a:0:{}', 0, NULL),
(4, '164654_448213758598042_2133618978_n (2).jpg', NULL, '89', NULL, NULL, NULL, NULL, '27', NULL, NULL, NULL, 'jean', 'jean', 'jean@mail.com', 'jean@mail.com', 1, '3iu7jjafc44ko4so0ok0ckc84swc888', 'gLh9wZSBJhs6tt1BdkkhKJnm7ORKw32veaSoa6crTfqi6WCvBQT8VJm1as8DTI4cxXTNoEZT0BZmusi0TPz2WA==', '2015-03-13 16:54:07', 0, 0, NULL, NULL, NULL, 'a:0:{}', 0, NULL),
(5, NULL, NULL, '58', NULL, NULL, NULL, '3', NULL, NULL, NULL, NULL, 'admin', 'admin', 'admin@gmail.com', 'admin@gmail.com', 1, 'p6jrm885cv4kww48g4w4osgwsc4sosc', '5UH0V4kIiMYJU6GuokbROZgpAXxn0VHdnsQSldZ4b/3w3Nytm0JkltcsYcZIJGDhmt6SthuZDtjuek8COGx2Ig==', '2015-03-19 12:01:15', 0, 0, NULL, NULL, NULL, 'a:1:{i:0;s:10:"ROLE_ADMIN";}', 0, NULL),
(6, NULL, NULL, '3', NULL, NULL, NULL, NULL, NULL, NULL, NULL, NULL, 'Joss', 'joss', 'joss@mail.com', 'joss@mail.com', 1, 'tjurms4okpww4oc44co4w8gwwwssgk4', '/RxQh1InmAGmObNoWAjDVHpj/OT/93YsUel4yMWsp9j96lFAJZOEWzesAiGAMYCbbw+R9T3xSM/oFjDKvmflXQ==', NULL, 0, 0, NULL, NULL, NULL, 'a:0:{}', 0, NULL),
(7, 'circuit34485_3kkk.jpg', '27', NULL, NULL, NULL, NULL, NULL, NULL, NULL, NULL, NULL, 'elvis783', 'elvis783', 'elvis.perazic@gmail.com', 'elvis.perazic@gmail.com', 1, '2xrj6mds3tk4wogkk40c84cw4c8c4oo', 'wI06ZsapO5DAU2r0vhZZQT9AxZrK+oQimRyhDFvB3V5V0MW3xe3l4vLzK5oEL8zAxrphhcYH3DJvPqsvkMG5GQ==', NULL, 0, 0, NULL, NULL, NULL, 'a:0:{}', 0, NULL);
-- --------------------------------------------------------
--
-- Structure de la table `usersreponses`
--
CREATE TABLE IF NOT EXISTS `usersreponses` (
`id` int(11) NOT NULL AUTO_INCREMENT,
`user_id` int(11) DEFAULT NULL,
`question_id` int(11) NOT NULL,
`reponse_id` int(11) NOT NULL,
PRIMARY KEY (`id`),
KEY `IDX_2967F084A76ED395` (`user_id`),
KEY `IDX_2967F0841E27F6BF` (`question_id`),
KEY `IDX_2967F084CF18BB82` (`reponse_id`)
) ENGINE=InnoDB DEFAULT CHARSET=utf8 COLLATE=utf8_unicode_ci AUTO_INCREMENT=1 ;
--
-- Contraintes pour les tables exportées
--
--
-- Contraintes pour la table `question`
--
ALTER TABLE `question`
ADD CONSTRAINT `FK_4F812B18BA934BCD` FOREIGN KEY (`quizz_id`) REFERENCES `quizz` (`id`);
--
-- Contraintes pour la table `reponse`
--
ALTER TABLE `reponse`
ADD CONSTRAINT `FK_900BE75B1E27F6BF` FOREIGN KEY (`question_id`) REFERENCES `question` (`id`);
--
-- Contraintes pour la table `usersreponses`
--
ALTER TABLE `usersreponses`
ADD CONSTRAINT `FK_2967F0841E27F6BF` FOREIGN KEY (`question_id`) REFERENCES `question` (`id`),
ADD CONSTRAINT `FK_2967F084A76ED395` FOREIGN KEY (`user_id`) REFERENCES `users` (`id`),
ADD CONSTRAINT `FK_2967F084CF18BB82` FOREIGN KEY (`reponse_id`) REFERENCES `reponse` (`id`);
/*!40101 SET CHARACTER_SET_CLIENT=@OLD_CHARACTER_SET_CLIENT */;
/*!40101 SET CHARACTER_SET_RESULTS=@OLD_CHARACTER_SET_RESULTS */;
/*!40101 SET COLLATION_CONNECTION=@OLD_COLLATION_CONNECTION */;
